split,class_name,patch_id,segment_id,dataset_path,source_crop_path
train,building,building_patch_02,1,data/classifier/train/building/building_patch_02_segment_1.png,outputs/labeling/building_patch_02/crops/segment_1.png
train,building,building_patch_02,13,data/classifier/train/building/building_patch_02_segment_13.png,outputs/labeling/building_patch_02/crops/segment_13.png
train,building,building_patch_02,27,data/classifier/train/building/building_patch_02_segment_27.png,outputs/labeling/building_patch_02/crops/segment_27.png
train,building,building_patch_02,34,data/classifier/train/building/building_patch_02_segment_34.png,outputs/labeling/building_patch_02/crops/segment_34.png
train,building,building_patch_02,4,data/classifier/train/building/building_patch_02_segment_4.png,outputs/labeling/building_patch_02/crops/segment_4.png
train,building,building_patch_02,46,data/classifier/train/building/building_patch_02_segment_46.png,outputs/labeling/building_patch_02/crops/segment_46.png
train,building,building_patch_02,55,data/classifier/train/building/building_patch_02_segment_55.png,outputs/labeling/building_patch_02/crops/segment_55.png
train,building,building_patch_02,56,data/classifier/train/building/building_patch_02_segment_56.png,outputs/labeling/building_patch_02/crops/segment_56.png
train,building,building_patch_02,57,data/classifier/train/building/building_patch_02_segment_57.png,outputs/labeling/building_patch_02/crops/segment_57.png
train,building,building_patch_02,61,data/classifier/train/building/building_patch_02_segment_61.png,outputs/labeling/building_patch_02/crops/segment_61.png
train,building,building_patch_02,65,data/classifier/train/building/building_patch_02_segment_65.png,outputs/labeling/building_patch_02/crops/segment_65.png
train,building,building_patch_02,7,data/classifier/train/building/building_patch_02_segment_7.png,outputs/labeling/building_patch_02/crops/segment_7.png
train,building,train_04_r1c0,18,data/classifier/train/building/train_04_r1c0_segment_18.png,outputs/labeling/source_patches/train/train_04_r1c0/crops/segment_18.png
train,building,train_04_r1c0,2,data/classifier/train/building/train_04_r1c0_segment_2.png,outputs/labeling/source_patches/train/train_04_r1c0/crops/segment_2.png
train,building,train_04_r1c0,3,data/classifier/train/building/train_04_r1c0_segment_3.png,outputs/labeling/source_patches/train/train_04_r1c0/crops/segment_3.png
train,building,train_04_r1c0,31,data/classifier/train/building/train_04_r1c0_segment_31.png,outputs/labeling/source_patches/train/train_04_r1c0/crops/segment_31.png
train,building,train_04_r1c0,33,data/classifier/train/building/train_04_r1c0_segment_33.png,outputs/labeling/source_patches/train/train_04_r1c0/crops/segment_33.png
train,building,train_04_r1c0,36,data/classifier/train/building/train_04_r1c0_segment_36.png,outputs/labeling/source_patches/train/train_04_r1c0/crops/segment_36.png
train,building,train_04_r1c0,4,data/classifier/train/building/train_04_r1c0_segment_4.png,outputs/labeling/source_patches/train/train_04_r1c0/crops/segment_4.png
train,building,train_04_r1c0,41,data/classifier/train/building/train_04_r1c0_segment_41.png,outputs/labeling/source_patches/train/train_04_r1c0/crops/segment_41.png
train,building,train_04_r1c0,45,data/classifier/train/building/train_04_r1c0_segment_45.png,outputs/labeling/source_patches/train/train_04_r1c0/crops/segment_45.png
train,building,train_04_r1c0,46,data/classifier/train/building/train_04_r1c0_segment_46.png,outputs/labeling/source_patches/train/train_04_r1c0/crops/segment_46.png
train,building,train_04_r1c1,100,data/classifier/train/building/train_04_r1c1_segment_100.png,outputs/labeling/source_patches/train/train_04_r1c1/crops/segment_100.png
train,building,train_04_r1c1,19,data/classifier/train/building/train_04_r1c1_segment_19.png,outputs/labeling/source_patches/train/train_04_r1c1/crops/segment_19.png
train,building,train_04_r1c1,30,data/classifier/train/building/train_04_r1c1_segment_30.png,outputs/labeling/source_patches/train/train_04_r1c1/crops/segment_30.png
train,building,train_04_r1c1,38,data/classifier/train/building/train_04_r1c1_segment_38.png,outputs/labeling/source_patches/train/train_04_r1c1/crops/segment_38.png
train,building,train_04_r1c1,6,data/classifier/train/building/train_04_r1c1_segment_6.png,outputs/labeling/source_patches/train/train_04_r1c1/crops/segment_6.png
train,building,train_04_r1c1,69,data/classifier/train/building/train_04_r1c1_segment_69.png,outputs/labeling/source_patches/train/train_04_r1c1/crops/segment_69.png
train,building,train_05_r0c0,2,data/classifier/train/building/train_05_r0c0_segment_2.png,outputs/labeling/source_patches/train/train_05_r0c0/crops/segment_2.png
train,building,train_05_r1c1,11,data/classifier/train/building/train_05_r1c1_segment_11.png,outputs/labeling/source_patches/train/train_05_r1c1/crops/segment_11.png
train,building,train_05_r1c1,15,data/classifier/train/building/train_05_r1c1_segment_15.png,outputs/labeling/source_patches/train/train_05_r1c1/crops/segment_15.png
train,building,train_05_r1c1,18,data/classifier/train/building/train_05_r1c1_segment_18.png,outputs/labeling/source_patches/train/train_05_r1c1/crops/segment_18.png
train,building,train_05_r1c1,23,data/classifier/train/building/train_05_r1c1_segment_23.png,outputs/labeling/source_patches/train/train_05_r1c1/crops/segment_23.png
train,building,train_05_r1c1,29,data/classifier/train/building/train_05_r1c1_segment_29.png,outputs/labeling/source_patches/train/train_05_r1c1/crops/segment_29.png
train,building,train_05_r1c1,34,data/classifier/train/building/train_05_r1c1_segment_34.png,outputs/labeling/source_patches/train/train_05_r1c1/crops/segment_34.png
train,building,train_05_r1c1,38,data/classifier/train/building/train_05_r1c1_segment_38.png,outputs/labeling/source_patches/train/train_05_r1c1/crops/segment_38.png
train,building,train_05_r1c1,39,data/classifier/train/building/train_05_r1c1_segment_39.png,outputs/labeling/source_patches/train/train_05_r1c1/crops/segment_39.png
train,building,train_05_r1c1,4,data/classifier/train/building/train_05_r1c1_segment_4.png,outputs/labeling/source_patches/train/train_05_r1c1/crops/segment_4.png
train,building,train_05_r1c1,40,data/classifier/train/building/train_05_r1c1_segment_40.png,outputs/labeling/source_patches/train/train_05_r1c1/crops/segment_40.png
train,building,train_05_r1c1,8,data/classifier/train/building/train_05_r1c1_segment_8.png,outputs/labeling/source_patches/train/train_05_r1c1/crops/segment_8.png
train,building,train_09_r0c1,0,data/classifier/train/building/train_09_r0c1_segment_0.png,outputs/labeling/source_patches/train/train_09_r0c1/crops/segment_0.png
train,building,train_09_r0c1,11,data/classifier/train/building/train_09_r0c1_segment_11.png,outputs/labeling/source_patches/train/train_09_r0c1/crops/segment_11.png
train,building,train_16_r0c1,0,data/classifier/train/building/train_16_r0c1_segment_0.png,outputs/labeling/source_patches/train/train_16_r0c1/crops/segment_0.png
train,building,train_16_r0c1,20,data/classifier/train/building/train_16_r0c1_segment_20.png,outputs/labeling/source_patches/train/train_16_r0c1/crops/segment_20.png
train,building,train_16_r0c1,23,data/classifier/train/building/train_16_r0c1_segment_23.png,outputs/labeling/source_patches/train/train_16_r0c1/crops/segment_23.png
train,building,train_16_r0c1,3,data/classifier/train/building/train_16_r0c1_segment_3.png,outputs/labeling/source_patches/train/train_16_r0c1/crops/segment_3.png
train,building,train_16_r0c1,30,data/classifier/train/building/train_16_r0c1_segment_30.png,outputs/labeling/source_patches/train/train_16_r0c1/crops/segment_30.png
train,building,train_16_r0c1,7,data/classifier/train/building/train_16_r0c1_segment_7.png,outputs/labeling/source_patches/train/train_16_r0c1/crops/segment_7.png
train,building,train_16_r0c1,8,data/classifier/train/building/train_16_r0c1_segment_8.png,outputs/labeling/source_patches/train/train_16_r0c1/crops/segment_8.png
train,tree,building_patch_02,19,data/classifier/train/tree/building_patch_02_segment_19.png,outputs/labeling/building_patch_02/crops/segment_19.png
train,tree,building_patch_02,2,data/classifier/train/tree/building_patch_02_segment_2.png,outputs/labeling/building_patch_02/crops/segment_2.png
train,tree,building_patch_02,5,data/classifier/train/tree/building_patch_02_segment_5.png,outputs/labeling/building_patch_02/crops/segment_5.png
train,tree,building_patch_02,9,data/classifier/train/tree/building_patch_02_segment_9.png,outputs/labeling/building_patch_02/crops/segment_9.png
train,tree,parking_patch_01,22,data/classifier/train/tree/parking_patch_01_segment_22.png,outputs/labeling/parking_patch_01/crops/segment_22.png
train,tree,train_04_r1c0,0,data/classifier/train/tree/train_04_r1c0_segment_0.png,outputs/labeling/source_patches/train/train_04_r1c0/crops/segment_0.png
train,tree,train_04_r1c0,1,data/classifier/train/tree/train_04_r1c0_segment_1.png,outputs/labeling/source_patches/train/train_04_r1c0/crops/segment_1.png
train,tree,train_04_r1c0,12,data/classifier/train/tree/train_04_r1c0_segment_12.png,outputs/labeling/source_patches/train/train_04_r1c0/crops/segment_12.png
train,tree,train_04_r1c0,24,data/classifier/train/tree/train_04_r1c0_segment_24.png,outputs/labeling/source_patches/train/train_04_r1c0/crops/segment_24.png
train,tree,train_04_r1c0,32,data/classifier/train/tree/train_04_r1c0_segment_32.png,outputs/labeling/source_patches/train/train_04_r1c0/crops/segment_32.png
train,tree,train_04_r1c0,37,data/classifier/train/tree/train_04_r1c0_segment_37.png,outputs/labeling/source_patches/train/train_04_r1c0/crops/segment_37.png
train,tree,train_04_r1c0,7,data/classifier/train/tree/train_04_r1c0_segment_7.png,outputs/labeling/source_patches/train/train_04_r1c0/crops/segment_7.png
train,tree,train_04_r1c0,9,data/classifier/train/tree/train_04_r1c0_segment_9.png,outputs/labeling/source_patches/train/train_04_r1c0/crops/segment_9.png
train,tree,train_04_r1c1,0,data/classifier/train/tree/train_04_r1c1_segment_0.png,outputs/labeling/source_patches/train/train_04_r1c1/crops/segment_0.png
train,tree,train_04_r1c1,16,data/classifier/train/tree/train_04_r1c1_segment_16.png,outputs/labeling/source_patches/train/train_04_r1c1/crops/segment_16.png
train,tree,train_04_r1c1,23,data/classifier/train/tree/train_04_r1c1_segment_23.png,outputs/labeling/source_patches/train/train_04_r1c1/crops/segment_23.png
train,tree,train_04_r1c1,5,data/classifier/train/tree/train_04_r1c1_segment_5.png,outputs/labeling/source_patches/train/train_04_r1c1/crops/segment_5.png
train,tree,train_04_r1c1,72,data/classifier/train/tree/train_04_r1c1_segment_72.png,outputs/labeling/source_patches/train/train_04_r1c1/crops/segment_72.png
train,tree,train_04_r1c1,83,data/classifier/train/tree/train_04_r1c1_segment_83.png,outputs/labeling/source_patches/train/train_04_r1c1/crops/segment_83.png
train,tree,train_04_r1c1,91,data/classifier/train/tree/train_04_r1c1_segment_91.png,outputs/labeling/source_patches/train/train_04_r1c1/crops/segment_91.png
train,tree,train_04_r1c1,96,data/classifier/train/tree/train_04_r1c1_segment_96.png,outputs/labeling/source_patches/train/train_04_r1c1/crops/segment_96.png
train,tree,train_04_r1c1,97,data/classifier/train/tree/train_04_r1c1_segment_97.png,outputs/labeling/source_patches/train/train_04_r1c1/crops/segment_97.png
train,tree,train_05_r0c0,18,data/classifier/train/tree/train_05_r0c0_segment_18.png,outputs/labeling/source_patches/train/train_05_r0c0/crops/segment_18.png
train,tree,train_05_r0c0,4,data/classifier/train/tree/train_05_r0c0_segment_4.png,outputs/labeling/source_patches/train/train_05_r0c0/crops/segment_4.png
train,tree,train_05_r0c0,5,data/classifier/train/tree/train_05_r0c0_segment_5.png,outputs/labeling/source_patches/train/train_05_r0c0/crops/segment_5.png
train,tree,train_05_r1c1,0,data/classifier/train/tree/train_05_r1c1_segment_0.png,outputs/labeling/source_patches/train/train_05_r1c1/crops/segment_0.png
train,tree,train_05_r1c1,1,data/classifier/train/tree/train_05_r1c1_segment_1.png,outputs/labeling/source_patches/train/train_05_r1c1/crops/segment_1.png
train,tree,train_05_r1c1,10,data/classifier/train/tree/train_05_r1c1_segment_10.png,outputs/labeling/source_patches/train/train_05_r1c1/crops/segment_10.png
train,tree,train_05_r1c1,14,data/classifier/train/tree/train_05_r1c1_segment_14.png,outputs/labeling/source_patches/train/train_05_r1c1/crops/segment_14.png
train,tree,train_05_r1c1,2,data/classifier/train/tree/train_05_r1c1_segment_2.png,outputs/labeling/source_patches/train/train_05_r1c1/crops/segment_2.png
train,tree,train_05_r1c1,24,data/classifier/train/tree/train_05_r1c1_segment_24.png,outputs/labeling/source_patches/train/train_05_r1c1/crops/segment_24.png
train,tree,train_05_r1c1,25,data/classifier/train/tree/train_05_r1c1_segment_25.png,outputs/labeling/source_patches/train/train_05_r1c1/crops/segment_25.png
train,tree,train_05_r1c1,3,data/classifier/train/tree/train_05_r1c1_segment_3.png,outputs/labeling/source_patches/train/train_05_r1c1/crops/segment_3.png
train,tree,train_05_r1c1,30,data/classifier/train/tree/train_05_r1c1_segment_30.png,outputs/labeling/source_patches/train/train_05_r1c1/crops/segment_30.png
train,tree,train_05_r1c1,36,data/classifier/train/tree/train_05_r1c1_segment_36.png,outputs/labeling/source_patches/train/train_05_r1c1/crops/segment_36.png
train,tree,train_09_r0c1,9,data/classifier/train/tree/train_09_r0c1_segment_9.png,outputs/labeling/source_patches/train/train_09_r0c1/crops/segment_9.png
train,tree,train_16_r0c1,10,data/classifier/train/tree/train_16_r0c1_segment_10.png,outputs/labeling/source_patches/train/train_16_r0c1/crops/segment_10.png
train,tree,train_16_r0c1,11,data/classifier/train/tree/train_16_r0c1_segment_11.png,outputs/labeling/source_patches/train/train_16_r0c1/crops/segment_11.png
train,tree,train_16_r0c1,13,data/classifier/train/tree/train_16_r0c1_segment_13.png,outputs/labeling/source_patches/train/train_16_r0c1/crops/segment_13.png
train,tree,train_16_r0c1,14,data/classifier/train/tree/train_16_r0c1_segment_14.png,outputs/labeling/source_patches/train/train_16_r0c1/crops/segment_14.png
train,tree,train_16_r0c1,16,data/classifier/train/tree/train_16_r0c1_segment_16.png,outputs/labeling/source_patches/train/train_16_r0c1/crops/segment_16.png
train,tree,train_16_r0c1,17,data/classifier/train/tree/train_16_r0c1_segment_17.png,outputs/labeling/source_patches/train/train_16_r0c1/crops/segment_17.png
train,tree,train_16_r0c1,18,data/classifier/train/tree/train_16_r0c1_segment_18.png,outputs/labeling/source_patches/train/train_16_r0c1/crops/segment_18.png
train,tree,train_16_r0c1,19,data/classifier/train/tree/train_16_r0c1_segment_19.png,outputs/labeling/source_patches/train/train_16_r0c1/crops/segment_19.png
train,tree,train_16_r0c1,22,data/classifier/train/tree/train_16_r0c1_segment_22.png,outputs/labeling/source_patches/train/train_16_r0c1/crops/segment_22.png
train,tree,train_16_r0c1,25,data/classifier/train/tree/train_16_r0c1_segment_25.png,outputs/labeling/source_patches/train/train_16_r0c1/crops/segment_25.png
train,tree,train_16_r0c1,27,data/classifier/train/tree/train_16_r0c1_segment_27.png,outputs/labeling/source_patches/train/train_16_r0c1/crops/segment_27.png
train,tree,train_16_r0c1,28,data/classifier/train/tree/train_16_r0c1_segment_28.png,outputs/labeling/source_patches/train/train_16_r0c1/crops/segment_28.png
train,tree,train_16_r0c1,31,data/classifier/train/tree/train_16_r0c1_segment_31.png,outputs/labeling/source_patches/train/train_16_r0c1/crops/segment_31.png
train,tree,train_16_r0c1,32,data/classifier/train/tree/train_16_r0c1_segment_32.png,outputs/labeling/source_patches/train/train_16_r0c1/crops/segment_32.png
train,tree,train_16_r0c1,33,data/classifier/train/tree/train_16_r0c1_segment_33.png,outputs/labeling/source_patches/train/train_16_r0c1/crops/segment_33.png
train,tree,train_16_r0c1,35,data/classifier/train/tree/train_16_r0c1_segment_35.png,outputs/labeling/source_patches/train/train_16_r0c1/crops/segment_35.png
train,tree,train_16_r0c1,37,data/classifier/train/tree/train_16_r0c1_segment_37.png,outputs/labeling/source_patches/train/train_16_r0c1/crops/segment_37.png
train,tree,train_16_r0c1,41,data/classifier/train/tree/train_16_r0c1_segment_41.png,outputs/labeling/source_patches/train/train_16_r0c1/crops/segment_41.png
train,tree,train_16_r0c1,42,data/classifier/train/tree/train_16_r0c1_segment_42.png,outputs/labeling/source_patches/train/train_16_r0c1/crops/segment_42.png
train,tree,train_16_r0c1,45,data/classifier/train/tree/train_16_r0c1_segment_45.png,outputs/labeling/source_patches/train/train_16_r0c1/crops/segment_45.png
train,tree,train_16_r0c1,9,data/classifier/train/tree/train_16_r0c1_segment_9.png,outputs/labeling/source_patches/train/train_16_r0c1/crops/segment_9.png
train,car,building_patch_02,11,data/classifier/train/car/building_patch_02_segment_11.png,outputs/labeling/building_patch_02/crops/segment_11.png
train,car,building_patch_02,21,data/classifier/train/car/building_patch_02_segment_21.png,outputs/labeling/building_patch_02/crops/segment_21.png
train,car,building_patch_02,26,data/classifier/train/car/building_patch_02_segment_26.png,outputs/labeling/building_patch_02/crops/segment_26.png
train,car,building_patch_02,32,data/classifier/train/car/building_patch_02_segment_32.png,outputs/labeling/building_patch_02/crops/segment_32.png
train,car,building_patch_02,37,data/classifier/train/car/building_patch_02_segment_37.png,outputs/labeling/building_patch_02/crops/segment_37.png
train,car,building_patch_02,39,data/classifier/train/car/building_patch_02_segment_39.png,outputs/labeling/building_patch_02/crops/segment_39.png
train,car,building_patch_02,40,data/classifier/train/car/building_patch_02_segment_40.png,outputs/labeling/building_patch_02/crops/segment_40.png
train,car,building_patch_02,49,data/classifier/train/car/building_patch_02_segment_49.png,outputs/labeling/building_patch_02/crops/segment_49.png
train,car,building_patch_02,52,data/classifier/train/car/building_patch_02_segment_52.png,outputs/labeling/building_patch_02/crops/segment_52.png
train,car,building_patch_02,6,data/classifier/train/car/building_patch_02_segment_6.png,outputs/labeling/building_patch_02/crops/segment_6.png
train,car,parking_patch_01,1,data/classifier/train/car/parking_patch_01_segment_1.png,outputs/labeling/parking_patch_01/crops/segment_1.png
train,car,parking_patch_01,12,data/classifier/train/car/parking_patch_01_segment_12.png,outputs/labeling/parking_patch_01/crops/segment_12.png
train,car,parking_patch_01,16,data/classifier/train/car/parking_patch_01_segment_16.png,outputs/labeling/parking_patch_01/crops/segment_16.png
train,car,parking_patch_01,17,data/classifier/train/car/parking_patch_01_segment_17.png,outputs/labeling/parking_patch_01/crops/segment_17.png
train,car,parking_patch_01,2,data/classifier/train/car/parking_patch_01_segment_2.png,outputs/labeling/parking_patch_01/crops/segment_2.png
train,car,parking_patch_01,25,data/classifier/train/car/parking_patch_01_segment_25.png,outputs/labeling/parking_patch_01/crops/segment_25.png
train,car,parking_patch_01,26,data/classifier/train/car/parking_patch_01_segment_26.png,outputs/labeling/parking_patch_01/crops/segment_26.png
train,car,parking_patch_01,27,data/classifier/train/car/parking_patch_01_segment_27.png,outputs/labeling/parking_patch_01/crops/segment_27.png
train,car,parking_patch_01,28,data/classifier/train/car/parking_patch_01_segment_28.png,outputs/labeling/parking_patch_01/crops/segment_28.png
train,car,parking_patch_01,29,data/classifier/train/car/parking_patch_01_segment_29.png,outputs/labeling/parking_patch_01/crops/segment_29.png
train,car,parking_patch_01,3,data/classifier/train/car/parking_patch_01_segment_3.png,outputs/labeling/parking_patch_01/crops/segment_3.png
train,car,parking_patch_01,31,data/classifier/train/car/parking_patch_01_segment_31.png,outputs/labeling/parking_patch_01/crops/segment_31.png
train,car,parking_patch_01,32,data/classifier/train/car/parking_patch_01_segment_32.png,outputs/labeling/parking_patch_01/crops/segment_32.png
train,car,parking_patch_01,35,data/classifier/train/car/parking_patch_01_segment_35.png,outputs/labeling/parking_patch_01/crops/segment_35.png
train,car,parking_patch_01,36,data/classifier/train/car/parking_patch_01_segment_36.png,outputs/labeling/parking_patch_01/crops/segment_36.png
train,car,parking_patch_01,37,data/classifier/train/car/parking_patch_01_segment_37.png,outputs/labeling/parking_patch_01/crops/segment_37.png
train,car,parking_patch_01,38,data/classifier/train/car/parking_patch_01_segment_38.png,outputs/labeling/parking_patch_01/crops/segment_38.png
train,car,parking_patch_01,39,data/classifier/train/car/parking_patch_01_segment_39.png,outputs/labeling/parking_patch_01/crops/segment_39.png
train,car,parking_patch_01,4,data/classifier/train/car/parking_patch_01_segment_4.png,outputs/labeling/parking_patch_01/crops/segment_4.png
train,car,parking_patch_01,40,data/classifier/train/car/parking_patch_01_segment_40.png,outputs/labeling/parking_patch_01/crops/segment_40.png
train,car,parking_patch_01,44,data/classifier/train/car/parking_patch_01_segment_44.png,outputs/labeling/parking_patch_01/crops/segment_44.png
train,car,parking_patch_01,45,data/classifier/train/car/parking_patch_01_segment_45.png,outputs/labeling/parking_patch_01/crops/segment_45.png
train,car,parking_patch_01,48,data/classifier/train/car/parking_patch_01_segment_48.png,outputs/labeling/parking_patch_01/crops/segment_48.png
train,car,parking_patch_01,49,data/classifier/train/car/parking_patch_01_segment_49.png,outputs/labeling/parking_patch_01/crops/segment_49.png
train,car,parking_patch_01,55,data/classifier/train/car/parking_patch_01_segment_55.png,outputs/labeling/parking_patch_01/crops/segment_55.png
train,car,parking_patch_01,57,data/classifier/train/car/parking_patch_01_segment_57.png,outputs/labeling/parking_patch_01/crops/segment_57.png
train,car,parking_patch_01,58,data/classifier/train/car/parking_patch_01_segment_58.png,outputs/labeling/parking_patch_01/crops/segment_58.png
train,car,parking_patch_01,59,data/classifier/train/car/parking_patch_01_segment_59.png,outputs/labeling/parking_patch_01/crops/segment_59.png
train,car,parking_patch_01,60,data/classifier/train/car/parking_patch_01_segment_60.png,outputs/labeling/parking_patch_01/crops/segment_60.png
train,car,parking_patch_01,63,data/classifier/train/car/parking_patch_01_segment_63.png,outputs/labeling/parking_patch_01/crops/segment_63.png
train,car,parking_patch_01,65,data/classifier/train/car/parking_patch_01_segment_65.png,outputs/labeling/parking_patch_01/crops/segment_65.png
train,car,parking_patch_01,66,data/classifier/train/car/parking_patch_01_segment_66.png,outputs/labeling/parking_patch_01/crops/segment_66.png
train,car,parking_patch_01,8,data/classifier/train/car/parking_patch_01_segment_8.png,outputs/labeling/parking_patch_01/crops/segment_8.png
train,car,parking_patch_01,9,data/classifier/train/car/parking_patch_01_segment_9.png,outputs/labeling/parking_patch_01/crops/segment_9.png
train,car,train_04_r1c0,15,data/classifier/train/car/train_04_r1c0_segment_15.png,outputs/labeling/source_patches/train/train_04_r1c0/crops/segment_15.png
train,car,train_04_r1c0,43,data/classifier/train/car/train_04_r1c0_segment_43.png,outputs/labeling/source_patches/train/train_04_r1c0/crops/segment_43.png
train,car,train_04_r1c0,44,data/classifier/train/car/train_04_r1c0_segment_44.png,outputs/labeling/source_patches/train/train_04_r1c0/crops/segment_44.png
train,car,train_04_r1c1,57,data/classifier/train/car/train_04_r1c1_segment_57.png,outputs/labeling/source_patches/train/train_04_r1c1/crops/segment_57.png
train,car,train_04_r1c1,71,data/classifier/train/car/train_04_r1c1_segment_71.png,outputs/labeling/source_patches/train/train_04_r1c1/crops/segment_71.png
train,car,train_04_r1c1,74,data/classifier/train/car/train_04_r1c1_segment_74.png,outputs/labeling/source_patches/train/train_04_r1c1/crops/segment_74.png
train,car,train_04_r1c1,79,data/classifier/train/car/train_04_r1c1_segment_79.png,outputs/labeling/source_patches/train/train_04_r1c1/crops/segment_79.png
train,car,train_04_r1c1,84,data/classifier/train/car/train_04_r1c1_segment_84.png,outputs/labeling/source_patches/train/train_04_r1c1/crops/segment_84.png
train,car,train_04_r1c1,86,data/classifier/train/car/train_04_r1c1_segment_86.png,outputs/labeling/source_patches/train/train_04_r1c1/crops/segment_86.png
train,car,train_04_r1c1,92,data/classifier/train/car/train_04_r1c1_segment_92.png,outputs/labeling/source_patches/train/train_04_r1c1/crops/segment_92.png
train,car,train_04_r1c1,95,data/classifier/train/car/train_04_r1c1_segment_95.png,outputs/labeling/source_patches/train/train_04_r1c1/crops/segment_95.png
train,car,train_04_r1c1,98,data/classifier/train/car/train_04_r1c1_segment_98.png,outputs/labeling/source_patches/train/train_04_r1c1/crops/segment_98.png
train,car,train_05_r1c1,16,data/classifier/train/car/train_05_r1c1_segment_16.png,outputs/labeling/source_patches/train/train_05_r1c1/crops/segment_16.png
train,car,train_05_r1c1,19,data/classifier/train/car/train_05_r1c1_segment_19.png,outputs/labeling/source_patches/train/train_05_r1c1/crops/segment_19.png
train,car,train_05_r1c1,35,data/classifier/train/car/train_05_r1c1_segment_35.png,outputs/labeling/source_patches/train/train_05_r1c1/crops/segment_35.png
train,car,train_05_r1c1,37,data/classifier/train/car/train_05_r1c1_segment_37.png,outputs/labeling/source_patches/train/train_05_r1c1/crops/segment_37.png
train,car,train_09_r0c1,10,data/classifier/train/car/train_09_r0c1_segment_10.png,outputs/labeling/source_patches/train/train_09_r0c1/crops/segment_10.png
train,car,train_16_r0c1,38,data/classifier/train/car/train_16_r0c1_segment_38.png,outputs/labeling/source_patches/train/train_16_r0c1/crops/segment_38.png
train,car,train_16_r0c1,44,data/classifier/train/car/train_16_r0c1_segment_44.png,outputs/labeling/source_patches/train/train_16_r0c1/crops/segment_44.png
train,other,building_patch_02,0,data/classifier/train/other/building_patch_02_segment_0.png,outputs/labeling/building_patch_02/crops/segment_0.png
train,other,building_patch_02,10,data/classifier/train/other/building_patch_02_segment_10.png,outputs/labeling/building_patch_02/crops/segment_10.png
train,other,building_patch_02,12,data/classifier/train/other/building_patch_02_segment_12.png,outputs/labeling/building_patch_02/crops/segment_12.png
train,other,building_patch_02,14,data/classifier/train/other/building_patch_02_segment_14.png,outputs/labeling/building_patch_02/crops/segment_14.png
train,other,building_patch_02,16,data/classifier/train/other/building_patch_02_segment_16.png,outputs/labeling/building_patch_02/crops/segment_16.png
train,other,building_patch_02,17,data/classifier/train/other/building_patch_02_segment_17.png,outputs/labeling/building_patch_02/crops/segment_17.png
train,other,building_patch_02,20,data/classifier/train/other/building_patch_02_segment_20.png,outputs/labeling/building_patch_02/crops/segment_20.png
train,other,building_patch_02,24,data/classifier/train/other/building_patch_02_segment_24.png,outputs/labeling/building_patch_02/crops/segment_24.png
train,other,building_patch_02,25,data/classifier/train/other/building_patch_02_segment_25.png,outputs/labeling/building_patch_02/crops/segment_25.png
train,other,building_patch_02,29,data/classifier/train/other/building_patch_02_segment_29.png,outputs/labeling/building_patch_02/crops/segment_29.png
train,other,building_patch_02,3,data/classifier/train/other/building_patch_02_segment_3.png,outputs/labeling/building_patch_02/crops/segment_3.png
train,other,building_patch_02,33,data/classifier/train/other/building_patch_02_segment_33.png,outputs/labeling/building_patch_02/crops/segment_33.png
train,other,building_patch_02,35,data/classifier/train/other/building_patch_02_segment_35.png,outputs/labeling/building_patch_02/crops/segment_35.png
train,other,building_patch_02,42,data/classifier/train/other/building_patch_02_segment_42.png,outputs/labeling/building_patch_02/crops/segment_42.png
train,other,building_patch_02,47,data/classifier/train/other/building_patch_02_segment_47.png,outputs/labeling/building_patch_02/crops/segment_47.png
train,other,building_patch_02,53,data/classifier/train/other/building_patch_02_segment_53.png,outputs/labeling/building_patch_02/crops/segment_53.png
train,other,building_patch_02,62,data/classifier/train/other/building_patch_02_segment_62.png,outputs/labeling/building_patch_02/crops/segment_62.png
train,other,building_patch_02,66,data/classifier/train/other/building_patch_02_segment_66.png,outputs/labeling/building_patch_02/crops/segment_66.png
train,other,building_patch_02,67,data/classifier/train/other/building_patch_02_segment_67.png,outputs/labeling/building_patch_02/crops/segment_67.png
train,other,building_patch_02,8,data/classifier/train/other/building_patch_02_segment_8.png,outputs/labeling/building_patch_02/crops/segment_8.png
train,other,parking_patch_01,0,data/classifier/train/other/parking_patch_01_segment_0.png,outputs/labeling/parking_patch_01/crops/segment_0.png
train,other,parking_patch_01,14,data/classifier/train/other/parking_patch_01_segment_14.png,outputs/labeling/parking_patch_01/crops/segment_14.png
train,other,parking_patch_01,15,data/classifier/train/other/parking_patch_01_segment_15.png,outputs/labeling/parking_patch_01/crops/segment_15.png
train,other,parking_patch_01,18,data/classifier/train/other/parking_patch_01_segment_18.png,outputs/labeling/parking_patch_01/crops/segment_18.png
train,other,parking_patch_01,20,data/classifier/train/other/parking_patch_01_segment_20.png,outputs/labeling/parking_patch_01/crops/segment_20.png
train,other,parking_patch_01,21,data/classifier/train/other/parking_patch_01_segment_21.png,outputs/labeling/parking_patch_01/crops/segment_21.png
train,other,parking_patch_01,24,data/classifier/train/other/parking_patch_01_segment_24.png,outputs/labeling/parking_patch_01/crops/segment_24.png
train,other,parking_patch_01,30,data/classifier/train/other/parking_patch_01_segment_30.png,outputs/labeling/parking_patch_01/crops/segment_30.png
train,other,parking_patch_01,33,data/classifier/train/other/parking_patch_01_segment_33.png,outputs/labeling/parking_patch_01/crops/segment_33.png
train,other,parking_patch_01,34,data/classifier/train/other/parking_patch_01_segment_34.png,outputs/labeling/parking_patch_01/crops/segment_34.png
train,other,parking_patch_01,41,data/classifier/train/other/parking_patch_01_segment_41.png,outputs/labeling/parking_patch_01/crops/segment_41.png
train,other,parking_patch_01,43,data/classifier/train/other/parking_patch_01_segment_43.png,outputs/labeling/parking_patch_01/crops/segment_43.png
train,other,parking_patch_01,47,data/classifier/train/other/parking_patch_01_segment_47.png,outputs/labeling/parking_patch_01/crops/segment_47.png
train,other,parking_patch_01,5,data/classifier/train/other/parking_patch_01_segment_5.png,outputs/labeling/parking_patch_01/crops/segment_5.png
train,other,parking_patch_01,50,data/classifier/train/other/parking_patch_01_segment_50.png,outputs/labeling/parking_patch_01/crops/segment_50.png
train,other,parking_patch_01,54,data/classifier/train/other/parking_patch_01_segment_54.png,outputs/labeling/parking_patch_01/crops/segment_54.png
train,other,parking_patch_01,56,data/classifier/train/other/parking_patch_01_segment_56.png,outputs/labeling/parking_patch_01/crops/segment_56.png
train,other,parking_patch_01,6,data/classifier/train/other/parking_patch_01_segment_6.png,outputs/labeling/parking_patch_01/crops/segment_6.png
train,other,parking_patch_01,62,data/classifier/train/other/parking_patch_01_segment_62.png,outputs/labeling/parking_patch_01/crops/segment_62.png
train,other,parking_patch_01,64,data/classifier/train/other/parking_patch_01_segment_64.png,outputs/labeling/parking_patch_01/crops/segment_64.png
train,other,parking_patch_01,67,data/classifier/train/other/parking_patch_01_segment_67.png,outputs/labeling/parking_patch_01/crops/segment_67.png
train,other,parking_patch_01,68,data/classifier/train/other/parking_patch_01_segment_68.png,outputs/labeling/parking_patch_01/crops/segment_68.png
train,other,parking_patch_01,69,data/classifier/train/other/parking_patch_01_segment_69.png,outputs/labeling/parking_patch_01/crops/segment_69.png
train,other,train_04_r1c0,10,data/classifier/train/other/train_04_r1c0_segment_10.png,outputs/labeling/source_patches/train/train_04_r1c0/crops/segment_10.png
train,other,train_04_r1c0,11,data/classifier/train/other/train_04_r1c0_segment_11.png,outputs/labeling/source_patches/train/train_04_r1c0/crops/segment_11.png
train,other,train_04_r1c0,13,data/classifier/train/other/train_04_r1c0_segment_13.png,outputs/labeling/source_patches/train/train_04_r1c0/crops/segment_13.png
train,other,train_04_r1c0,14,data/classifier/train/other/train_04_r1c0_segment_14.png,outputs/labeling/source_patches/train/train_04_r1c0/crops/segment_14.png
train,other,train_04_r1c0,16,data/classifier/train/other/train_04_r1c0_segment_16.png,outputs/labeling/source_patches/train/train_04_r1c0/crops/segment_16.png
train,other,train_04_r1c0,19,data/classifier/train/other/train_04_r1c0_segment_19.png,outputs/labeling/source_patches/train/train_04_r1c0/crops/segment_19.png
train,other,train_04_r1c0,20,data/classifier/train/other/train_04_r1c0_segment_20.png,outputs/labeling/source_patches/train/train_04_r1c0/crops/segment_20.png
train,other,train_04_r1c0,21,data/classifier/train/other/train_04_r1c0_segment_21.png,outputs/labeling/source_patches/train/train_04_r1c0/crops/segment_21.png
train,other,train_04_r1c0,22,data/classifier/train/other/train_04_r1c0_segment_22.png,outputs/labeling/source_patches/train/train_04_r1c0/crops/segment_22.png
train,other,train_04_r1c0,23,data/classifier/train/other/train_04_r1c0_segment_23.png,outputs/labeling/source_patches/train/train_04_r1c0/crops/segment_23.png
train,other,train_04_r1c0,25,data/classifier/train/other/train_04_r1c0_segment_25.png,outputs/labeling/source_patches/train/train_04_r1c0/crops/segment_25.png
train,other,train_04_r1c0,29,data/classifier/train/other/train_04_r1c0_segment_29.png,outputs/labeling/source_patches/train/train_04_r1c0/crops/segment_29.png
train,other,train_04_r1c0,30,data/classifier/train/other/train_04_r1c0_segment_30.png,outputs/labeling/source_patches/train/train_04_r1c0/crops/segment_30.png
train,other,train_04_r1c0,35,data/classifier/train/other/train_04_r1c0_segment_35.png,outputs/labeling/source_patches/train/train_04_r1c0/crops/segment_35.png
train,other,train_04_r1c0,42,data/classifier/train/other/train_04_r1c0_segment_42.png,outputs/labeling/source_patches/train/train_04_r1c0/crops/segment_42.png
train,other,train_04_r1c0,5,data/classifier/train/other/train_04_r1c0_segment_5.png,outputs/labeling/source_patches/train/train_04_r1c0/crops/segment_5.png
train,other,train_04_r1c0,6,data/classifier/train/other/train_04_r1c0_segment_6.png,outputs/labeling/source_patches/train/train_04_r1c0/crops/segment_6.png
train,other,train_04_r1c1,1,data/classifier/train/other/train_04_r1c1_segment_1.png,outputs/labeling/source_patches/train/train_04_r1c1/crops/segment_1.png
train,other,train_04_r1c1,10,data/classifier/train/other/train_04_r1c1_segment_10.png,outputs/labeling/source_patches/train/train_04_r1c1/crops/segment_10.png
train,other,train_04_r1c1,101,data/classifier/train/other/train_04_r1c1_segment_101.png,outputs/labeling/source_patches/train/train_04_r1c1/crops/segment_101.png
train,other,train_04_r1c1,14,data/classifier/train/other/train_04_r1c1_segment_14.png,outputs/labeling/source_patches/train/train_04_r1c1/crops/segment_14.png
train,other,train_04_r1c1,21,data/classifier/train/other/train_04_r1c1_segment_21.png,outputs/labeling/source_patches/train/train_04_r1c1/crops/segment_21.png
train,other,train_04_r1c1,29,data/classifier/train/other/train_04_r1c1_segment_29.png,outputs/labeling/source_patches/train/train_04_r1c1/crops/segment_29.png
train,other,train_04_r1c1,31,data/classifier/train/other/train_04_r1c1_segment_31.png,outputs/labeling/source_patches/train/train_04_r1c1/crops/segment_31.png
train,other,train_04_r1c1,37,data/classifier/train/other/train_04_r1c1_segment_37.png,outputs/labeling/source_patches/train/train_04_r1c1/crops/segment_37.png
train,other,train_04_r1c1,45,data/classifier/train/other/train_04_r1c1_segment_45.png,outputs/labeling/source_patches/train/train_04_r1c1/crops/segment_45.png
train,other,train_04_r1c1,50,data/classifier/train/other/train_04_r1c1_segment_50.png,outputs/labeling/source_patches/train/train_04_r1c1/crops/segment_50.png
train,other,train_04_r1c1,54,data/classifier/train/other/train_04_r1c1_segment_54.png,outputs/labeling/source_patches/train/train_04_r1c1/crops/segment_54.png
train,other,train_04_r1c1,56,data/classifier/train/other/train_04_r1c1_segment_56.png,outputs/labeling/source_patches/train/train_04_r1c1/crops/segment_56.png
train,other,train_04_r1c1,62,data/classifier/train/other/train_04_r1c1_segment_62.png,outputs/labeling/source_patches/train/train_04_r1c1/crops/segment_62.png
train,other,train_04_r1c1,64,data/classifier/train/other/train_04_r1c1_segment_64.png,outputs/labeling/source_patches/train/train_04_r1c1/crops/segment_64.png
train,other,train_04_r1c1,65,data/classifier/train/other/train_04_r1c1_segment_65.png,outputs/labeling/source_patches/train/train_04_r1c1/crops/segment_65.png
train,other,train_04_r1c1,7,data/classifier/train/other/train_04_r1c1_segment_7.png,outputs/labeling/source_patches/train/train_04_r1c1/crops/segment_7.png
train,other,train_04_r1c1,78,data/classifier/train/other/train_04_r1c1_segment_78.png,outputs/labeling/source_patches/train/train_04_r1c1/crops/segment_78.png
train,other,train_04_r1c1,80,data/classifier/train/other/train_04_r1c1_segment_80.png,outputs/labeling/source_patches/train/train_04_r1c1/crops/segment_80.png
train,other,train_04_r1c1,87,data/classifier/train/other/train_04_r1c1_segment_87.png,outputs/labeling/source_patches/train/train_04_r1c1/crops/segment_87.png
train,other,train_04_r1c1,89,data/classifier/train/other/train_04_r1c1_segment_89.png,outputs/labeling/source_patches/train/train_04_r1c1/crops/segment_89.png
train,other,train_04_r1c1,93,data/classifier/train/other/train_04_r1c1_segment_93.png,outputs/labeling/source_patches/train/train_04_r1c1/crops/segment_93.png
train,other,train_04_r1c1,94,data/classifier/train/other/train_04_r1c1_segment_94.png,outputs/labeling/source_patches/train/train_04_r1c1/crops/segment_94.png
train,other,train_04_r1c1,99,data/classifier/train/other/train_04_r1c1_segment_99.png,outputs/labeling/source_patches/train/train_04_r1c1/crops/segment_99.png
train,other,train_05_r1c1,13,data/classifier/train/other/train_05_r1c1_segment_13.png,outputs/labeling/source_patches/train/train_05_r1c1/crops/segment_13.png
train,other,train_05_r1c1,17,data/classifier/train/other/train_05_r1c1_segment_17.png,outputs/labeling/source_patches/train/train_05_r1c1/crops/segment_17.png
train,other,train_05_r1c1,20,data/classifier/train/other/train_05_r1c1_segment_20.png,outputs/labeling/source_patches/train/train_05_r1c1/crops/segment_20.png
train,other,train_05_r1c1,22,data/classifier/train/other/train_05_r1c1_segment_22.png,outputs/labeling/source_patches/train/train_05_r1c1/crops/segment_22.png
train,other,train_05_r1c1,26,data/classifier/train/other/train_05_r1c1_segment_26.png,outputs/labeling/source_patches/train/train_05_r1c1/crops/segment_26.png
train,other,train_05_r1c1,27,data/classifier/train/other/train_05_r1c1_segment_27.png,outputs/labeling/source_patches/train/train_05_r1c1/crops/segment_27.png
train,other,train_05_r1c1,28,data/classifier/train/other/train_05_r1c1_segment_28.png,outputs/labeling/source_patches/train/train_05_r1c1/crops/segment_28.png
train,other,train_05_r1c1,5,data/classifier/train/other/train_05_r1c1_segment_5.png,outputs/labeling/source_patches/train/train_05_r1c1/crops/segment_5.png
train,other,train_05_r1c1,6,data/classifier/train/other/train_05_r1c1_segment_6.png,outputs/labeling/source_patches/train/train_05_r1c1/crops/segment_6.png
train,other,train_05_r1c1,7,data/classifier/train/other/train_05_r1c1_segment_7.png,outputs/labeling/source_patches/train/train_05_r1c1/crops/segment_7.png
train,other,train_05_r1c1,9,data/classifier/train/other/train_05_r1c1_segment_9.png,outputs/labeling/source_patches/train/train_05_r1c1/crops/segment_9.png
train,other,train_09_r0c1,1,data/classifier/train/other/train_09_r0c1_segment_1.png,outputs/labeling/source_patches/train/train_09_r0c1/crops/segment_1.png
train,other,train_09_r0c1,12,data/classifier/train/other/train_09_r0c1_segment_12.png,outputs/labeling/source_patches/train/train_09_r0c1/crops/segment_12.png
train,other,train_09_r0c1,13,data/classifier/train/other/train_09_r0c1_segment_13.png,outputs/labeling/source_patches/train/train_09_r0c1/crops/segment_13.png
train,other,train_09_r0c1,14,data/classifier/train/other/train_09_r0c1_segment_14.png,outputs/labeling/source_patches/train/train_09_r0c1/crops/segment_14.png
train,other,train_09_r0c1,16,data/classifier/train/other/train_09_r0c1_segment_16.png,outputs/labeling/source_patches/train/train_09_r0c1/crops/segment_16.png
train,other,train_09_r0c1,17,data/classifier/train/other/train_09_r0c1_segment_17.png,outputs/labeling/source_patches/train/train_09_r0c1/crops/segment_17.png
train,other,train_09_r0c1,18,data/classifier/train/other/train_09_r0c1_segment_18.png,outputs/labeling/source_patches/train/train_09_r0c1/crops/segment_18.png
train,other,train_09_r0c1,5,data/classifier/train/other/train_09_r0c1_segment_5.png,outputs/labeling/source_patches/train/train_09_r0c1/crops/segment_5.png
train,other,train_09_r0c1,7,data/classifier/train/other/train_09_r0c1_segment_7.png,outputs/labeling/source_patches/train/train_09_r0c1/crops/segment_7.png
train,other,train_09_r0c1,8,data/classifier/train/other/train_09_r0c1_segment_8.png,outputs/labeling/source_patches/train/train_09_r0c1/crops/segment_8.png
train,other,train_16_r0c1,1,data/classifier/train/other/train_16_r0c1_segment_1.png,outputs/labeling/source_patches/train/train_16_r0c1/crops/segment_1.png
train,other,train_16_r0c1,12,data/classifier/train/other/train_16_r0c1_segment_12.png,outputs/labeling/source_patches/train/train_16_r0c1/crops/segment_12.png
train,other,train_16_r0c1,15,data/classifier/train/other/train_16_r0c1_segment_15.png,outputs/labeling/source_patches/train/train_16_r0c1/crops/segment_15.png
train,other,train_16_r0c1,2,data/classifier/train/other/train_16_r0c1_segment_2.png,outputs/labeling/source_patches/train/train_16_r0c1/crops/segment_2.png
train,other,train_16_r0c1,24,data/classifier/train/other/train_16_r0c1_segment_24.png,outputs/labeling/source_patches/train/train_16_r0c1/crops/segment_24.png
train,other,train_16_r0c1,29,data/classifier/train/other/train_16_r0c1_segment_29.png,outputs/labeling/source_patches/train/train_16_r0c1/crops/segment_29.png
train,other,train_16_r0c1,36,data/classifier/train/other/train_16_r0c1_segment_36.png,outputs/labeling/source_patches/train/train_16_r0c1/crops/segment_36.png
train,other,train_16_r0c1,39,data/classifier/train/other/train_16_r0c1_segment_39.png,outputs/labeling/source_patches/train/train_16_r0c1/crops/segment_39.png
train,other,train_16_r0c1,4,data/classifier/train/other/train_16_r0c1_segment_4.png,outputs/labeling/source_patches/train/train_16_r0c1/crops/segment_4.png
train,other,train_16_r0c1,40,data/classifier/train/other/train_16_r0c1_segment_40.png,outputs/labeling/source_patches/train/train_16_r0c1/crops/segment_40.png
train,other,train_16_r0c1,43,data/classifier/train/other/train_16_r0c1_segment_43.png,outputs/labeling/source_patches/train/train_16_r0c1/crops/segment_43.png
train,other,train_16_r0c1,46,data/classifier/train/other/train_16_r0c1_segment_46.png,outputs/labeling/source_patches/train/train_16_r0c1/crops/segment_46.png
train,other,train_16_r0c1,5,data/classifier/train/other/train_16_r0c1_segment_5.png,outputs/labeling/source_patches/train/train_16_r0c1/crops/segment_5.png
train,other,train_16_r0c1,6,data/classifier/train/other/train_16_r0c1_segment_6.png,outputs/labeling/source_patches/train/train_16_r0c1/crops/segment_6.png
validation,building,validation_02_r0c2,1,data/classifier/validation/building/validation_02_r0c2_segment_1.png,outputs/labeling/source_patches/validation/validation_02_r0c2/crops/segment_1.png
validation,building,validation_02_r0c2,34,data/classifier/validation/building/validation_02_r0c2_segment_34.png,outputs/labeling/source_patches/validation/validation_02_r0c2/crops/segment_34.png
validation,building,validation_02_r0c2,36,data/classifier/validation/building/validation_02_r0c2_segment_36.png,outputs/labeling/source_patches/validation/validation_02_r0c2/crops/segment_36.png
validation,building,validation_02_r0c2,37,data/classifier/validation/building/validation_02_r0c2_segment_37.png,outputs/labeling/source_patches/validation/validation_02_r0c2/crops/segment_37.png
validation,building,validation_02_r1c1,19,data/classifier/validation/building/validation_02_r1c1_segment_19.png,outputs/labeling/source_patches/validation/validation_02_r1c1/crops/segment_19.png
validation,building,validation_07_r1c1,1,data/classifier/validation/building/validation_07_r1c1_segment_1.png,outputs/labeling/source_patches/validation/validation_07_r1c1/crops/segment_1.png
validation,building,validation_07_r1c1,11,data/classifier/validation/building/validation_07_r1c1_segment_11.png,outputs/labeling/source_patches/validation/validation_07_r1c1/crops/segment_11.png
validation,building,validation_07_r1c1,12,data/classifier/validation/building/validation_07_r1c1_segment_12.png,outputs/labeling/source_patches/validation/validation_07_r1c1/crops/segment_12.png
validation,building,validation_07_r1c1,14,data/classifier/validation/building/validation_07_r1c1_segment_14.png,outputs/labeling/source_patches/validation/validation_07_r1c1/crops/segment_14.png
validation,building,validation_07_r1c1,18,data/classifier/validation/building/validation_07_r1c1_segment_18.png,outputs/labeling/source_patches/validation/validation_07_r1c1/crops/segment_18.png
validation,building,validation_07_r1c1,21,data/classifier/validation/building/validation_07_r1c1_segment_21.png,outputs/labeling/source_patches/validation/validation_07_r1c1/crops/segment_21.png
validation,building,validation_07_r1c1,22,data/classifier/validation/building/validation_07_r1c1_segment_22.png,outputs/labeling/source_patches/validation/validation_07_r1c1/crops/segment_22.png
validation,building,validation_07_r1c1,25,data/classifier/validation/building/validation_07_r1c1_segment_25.png,outputs/labeling/source_patches/validation/validation_07_r1c1/crops/segment_25.png
validation,building,validation_07_r1c1,28,data/classifier/validation/building/validation_07_r1c1_segment_28.png,outputs/labeling/source_patches/validation/validation_07_r1c1/crops/segment_28.png
validation,building,validation_07_r1c1,33,data/classifier/validation/building/validation_07_r1c1_segment_33.png,outputs/labeling/source_patches/validation/validation_07_r1c1/crops/segment_33.png
validation,building,validation_07_r1c1,34,data/classifier/validation/building/validation_07_r1c1_segment_34.png,outputs/labeling/source_patches/validation/validation_07_r1c1/crops/segment_34.png
validation,building,validation_07_r1c1,40,data/classifier/validation/building/validation_07_r1c1_segment_40.png,outputs/labeling/source_patches/validation/validation_07_r1c1/crops/segment_40.png
validation,building,validation_07_r1c1,41,data/classifier/validation/building/validation_07_r1c1_segment_41.png,outputs/labeling/source_patches/validation/validation_07_r1c1/crops/segment_41.png
validation,building,validation_07_r1c1,43,data/classifier/validation/building/validation_07_r1c1_segment_43.png,outputs/labeling/source_patches/validation/validation_07_r1c1/crops/segment_43.png
validation,building,validation_23_r1c0,20,data/classifier/validation/building/validation_23_r1c0_segment_20.png,outputs/labeling/source_patches/validation/validation_23_r1c0/crops/segment_20.png
validation,building,validation_23_r1c0,9,data/classifier/validation/building/validation_23_r1c0_segment_9.png,outputs/labeling/source_patches/validation/validation_23_r1c0/crops/segment_9.png
validation,building,validation_23_r1c1,11,data/classifier/validation/building/validation_23_r1c1_segment_11.png,outputs/labeling/source_patches/validation/validation_23_r1c1/crops/segment_11.png
validation,building,validation_23_r1c1,12,data/classifier/validation/building/validation_23_r1c1_segment_12.png,outputs/labeling/source_patches/validation/validation_23_r1c1/crops/segment_12.png
validation,building,validation_23_r1c1,17,data/classifier/validation/building/validation_23_r1c1_segment_17.png,outputs/labeling/source_patches/validation/validation_23_r1c1/crops/segment_17.png
validation,building,validation_23_r1c1,2,data/classifier/validation/building/validation_23_r1c1_segment_2.png,outputs/labeling/source_patches/validation/validation_23_r1c1/crops/segment_2.png
validation,building,validation_23_r1c1,20,data/classifier/validation/building/validation_23_r1c1_segment_20.png,outputs/labeling/source_patches/validation/validation_23_r1c1/crops/segment_20.png
validation,building,validation_23_r1c1,23,data/classifier/validation/building/validation_23_r1c1_segment_23.png,outputs/labeling/source_patches/validation/validation_23_r1c1/crops/segment_23.png
validation,building,validation_23_r1c1,26,data/classifier/validation/building/validation_23_r1c1_segment_26.png,outputs/labeling/source_patches/validation/validation_23_r1c1/crops/segment_26.png
validation,building,validation_23_r1c1,27,data/classifier/validation/building/validation_23_r1c1_segment_27.png,outputs/labeling/source_patches/validation/validation_23_r1c1/crops/segment_27.png
validation,building,validation_23_r1c1,30,data/classifier/validation/building/validation_23_r1c1_segment_30.png,outputs/labeling/source_patches/validation/validation_23_r1c1/crops/segment_30.png
validation,building,validation_23_r1c1,34,data/classifier/validation/building/validation_23_r1c1_segment_34.png,outputs/labeling/source_patches/validation/validation_23_r1c1/crops/segment_34.png
validation,building,validation_23_r1c1,4,data/classifier/validation/building/validation_23_r1c1_segment_4.png,outputs/labeling/source_patches/validation/validation_23_r1c1/crops/segment_4.png
validation,building,validation_23_r1c1,6,data/classifier/validation/building/validation_23_r1c1_segment_6.png,outputs/labeling/source_patches/validation/validation_23_r1c1/crops/segment_6.png
validation,building,validation_23_r1c1,7,data/classifier/validation/building/validation_23_r1c1_segment_7.png,outputs/labeling/source_patches/validation/validation_23_r1c1/crops/segment_7.png
validation,building,validation_28_r1c2,0,data/classifier/validation/building/validation_28_r1c2_segment_0.png,outputs/labeling/source_patches/validation/validation_28_r1c2/crops/segment_0.png
validation,building,validation_28_r1c2,12,data/classifier/validation/building/validation_28_r1c2_segment_12.png,outputs/labeling/source_patches/validation/validation_28_r1c2/crops/segment_12.png
validation,building,validation_28_r1c2,13,data/classifier/validation/building/validation_28_r1c2_segment_13.png,outputs/labeling/source_patches/validation/validation_28_r1c2/crops/segment_13.png
validation,building,validation_28_r1c2,20,data/classifier/validation/building/validation_28_r1c2_segment_20.png,outputs/labeling/source_patches/validation/validation_28_r1c2/crops/segment_20.png
validation,building,validation_28_r1c2,4,data/classifier/validation/building/validation_28_r1c2_segment_4.png,outputs/labeling/source_patches/validation/validation_28_r1c2/crops/segment_4.png
validation,tree,validation_02_r0c2,0,data/classifier/validation/tree/validation_02_r0c2_segment_0.png,outputs/labeling/source_patches/validation/validation_02_r0c2/crops/segment_0.png
validation,tree,validation_02_r0c2,18,data/classifier/validation/tree/validation_02_r0c2_segment_18.png,outputs/labeling/source_patches/validation/validation_02_r0c2/crops/segment_18.png
validation,tree,validation_02_r0c2,2,data/classifier/validation/tree/validation_02_r0c2_segment_2.png,outputs/labeling/source_patches/validation/validation_02_r0c2/crops/segment_2.png
validation,tree,validation_02_r0c2,22,data/classifier/validation/tree/validation_02_r0c2_segment_22.png,outputs/labeling/source_patches/validation/validation_02_r0c2/crops/segment_22.png
validation,tree,validation_02_r0c2,26,data/classifier/validation/tree/validation_02_r0c2_segment_26.png,outputs/labeling/source_patches/validation/validation_02_r0c2/crops/segment_26.png
validation,tree,validation_02_r0c2,29,data/classifier/validation/tree/validation_02_r0c2_segment_29.png,outputs/labeling/source_patches/validation/validation_02_r0c2/crops/segment_29.png
validation,tree,validation_02_r0c2,3,data/classifier/validation/tree/validation_02_r0c2_segment_3.png,outputs/labeling/source_patches/validation/validation_02_r0c2/crops/segment_3.png
validation,tree,validation_02_r0c2,39,data/classifier/validation/tree/validation_02_r0c2_segment_39.png,outputs/labeling/source_patches/validation/validation_02_r0c2/crops/segment_39.png
validation,tree,validation_02_r0c2,40,data/classifier/validation/tree/validation_02_r0c2_segment_40.png,outputs/labeling/source_patches/validation/validation_02_r0c2/crops/segment_40.png
validation,tree,validation_02_r0c2,6,data/classifier/validation/tree/validation_02_r0c2_segment_6.png,outputs/labeling/source_patches/validation/validation_02_r0c2/crops/segment_6.png
validation,tree,validation_02_r0c2,7,data/classifier/validation/tree/validation_02_r0c2_segment_7.png,outputs/labeling/source_patches/validation/validation_02_r0c2/crops/segment_7.png
validation,tree,validation_02_r1c1,0,data/classifier/validation/tree/validation_02_r1c1_segment_0.png,outputs/labeling/source_patches/validation/validation_02_r1c1/crops/segment_0.png
validation,tree,validation_02_r1c1,1,data/classifier/validation/tree/validation_02_r1c1_segment_1.png,outputs/labeling/source_patches/validation/validation_02_r1c1/crops/segment_1.png
validation,tree,validation_02_r1c1,10,data/classifier/validation/tree/validation_02_r1c1_segment_10.png,outputs/labeling/source_patches/validation/validation_02_r1c1/crops/segment_10.png
validation,tree,validation_02_r1c1,11,data/classifier/validation/tree/validation_02_r1c1_segment_11.png,outputs/labeling/source_patches/validation/validation_02_r1c1/crops/segment_11.png
validation,tree,validation_02_r1c1,2,data/classifier/validation/tree/validation_02_r1c1_segment_2.png,outputs/labeling/source_patches/validation/validation_02_r1c1/crops/segment_2.png
validation,tree,validation_02_r1c1,32,data/classifier/validation/tree/validation_02_r1c1_segment_32.png,outputs/labeling/source_patches/validation/validation_02_r1c1/crops/segment_32.png
validation,tree,validation_02_r1c1,36,data/classifier/validation/tree/validation_02_r1c1_segment_36.png,outputs/labeling/source_patches/validation/validation_02_r1c1/crops/segment_36.png
validation,tree,validation_02_r1c1,4,data/classifier/validation/tree/validation_02_r1c1_segment_4.png,outputs/labeling/source_patches/validation/validation_02_r1c1/crops/segment_4.png
validation,tree,validation_02_r1c1,41,data/classifier/validation/tree/validation_02_r1c1_segment_41.png,outputs/labeling/source_patches/validation/validation_02_r1c1/crops/segment_41.png
validation,tree,validation_02_r1c1,43,data/classifier/validation/tree/validation_02_r1c1_segment_43.png,outputs/labeling/source_patches/validation/validation_02_r1c1/crops/segment_43.png
validation,tree,validation_02_r1c1,5,data/classifier/validation/tree/validation_02_r1c1_segment_5.png,outputs/labeling/source_patches/validation/validation_02_r1c1/crops/segment_5.png
validation,tree,validation_02_r1c1,6,data/classifier/validation/tree/validation_02_r1c1_segment_6.png,outputs/labeling/source_patches/validation/validation_02_r1c1/crops/segment_6.png
validation,tree,validation_02_r1c1,8,data/classifier/validation/tree/validation_02_r1c1_segment_8.png,outputs/labeling/source_patches/validation/validation_02_r1c1/crops/segment_8.png
validation,tree,validation_07_r1c1,0,data/classifier/validation/tree/validation_07_r1c1_segment_0.png,outputs/labeling/source_patches/validation/validation_07_r1c1/crops/segment_0.png
validation,tree,validation_07_r1c1,13,data/classifier/validation/tree/validation_07_r1c1_segment_13.png,outputs/labeling/source_patches/validation/validation_07_r1c1/crops/segment_13.png
validation,tree,validation_07_r1c1,3,data/classifier/validation/tree/validation_07_r1c1_segment_3.png,outputs/labeling/source_patches/validation/validation_07_r1c1/crops/segment_3.png
validation,tree,validation_07_r1c1,4,data/classifier/validation/tree/validation_07_r1c1_segment_4.png,outputs/labeling/source_patches/validation/validation_07_r1c1/crops/segment_4.png
validation,tree,validation_07_r1c1,6,data/classifier/validation/tree/validation_07_r1c1_segment_6.png,outputs/labeling/source_patches/validation/validation_07_r1c1/crops/segment_6.png
validation,tree,validation_23_r1c0,1,data/classifier/validation/tree/validation_23_r1c0_segment_1.png,outputs/labeling/source_patches/validation/validation_23_r1c0/crops/segment_1.png
validation,tree,validation_23_r1c0,11,data/classifier/validation/tree/validation_23_r1c0_segment_11.png,outputs/labeling/source_patches/validation/validation_23_r1c0/crops/segment_11.png
validation,tree,validation_23_r1c0,13,data/classifier/validation/tree/validation_23_r1c0_segment_13.png,outputs/labeling/source_patches/validation/validation_23_r1c0/crops/segment_13.png
validation,tree,validation_23_r1c0,7,data/classifier/validation/tree/validation_23_r1c0_segment_7.png,outputs/labeling/source_patches/validation/validation_23_r1c0/crops/segment_7.png
validation,tree,validation_23_r1c1,0,data/classifier/validation/tree/validation_23_r1c1_segment_0.png,outputs/labeling/source_patches/validation/validation_23_r1c1/crops/segment_0.png
validation,tree,validation_23_r1c1,14,data/classifier/validation/tree/validation_23_r1c1_segment_14.png,outputs/labeling/source_patches/validation/validation_23_r1c1/crops/segment_14.png
validation,tree,validation_23_r1c1,24,data/classifier/validation/tree/validation_23_r1c1_segment_24.png,outputs/labeling/source_patches/validation/validation_23_r1c1/crops/segment_24.png
validation,tree,validation_23_r1c1,28,data/classifier/validation/tree/validation_23_r1c1_segment_28.png,outputs/labeling/source_patches/validation/validation_23_r1c1/crops/segment_28.png
validation,tree,validation_23_r1c1,29,data/classifier/validation/tree/validation_23_r1c1_segment_29.png,outputs/labeling/source_patches/validation/validation_23_r1c1/crops/segment_29.png
validation,tree,validation_23_r1c1,3,data/classifier/validation/tree/validation_23_r1c1_segment_3.png,outputs/labeling/source_patches/validation/validation_23_r1c1/crops/segment_3.png
validation,tree,validation_23_r1c1,37,data/classifier/validation/tree/validation_23_r1c1_segment_37.png,outputs/labeling/source_patches/validation/validation_23_r1c1/crops/segment_37.png
validation,tree,validation_28_r1c2,11,data/classifier/validation/tree/validation_28_r1c2_segment_11.png,outputs/labeling/source_patches/validation/validation_28_r1c2/crops/segment_11.png
validation,tree,validation_28_r1c2,3,data/classifier/validation/tree/validation_28_r1c2_segment_3.png,outputs/labeling/source_patches/validation/validation_28_r1c2/crops/segment_3.png
validation,car,validation_02_r0c2,23,data/classifier/validation/car/validation_02_r0c2_segment_23.png,outputs/labeling/source_patches/validation/validation_02_r0c2/crops/segment_23.png
validation,car,validation_02_r0c2,30,data/classifier/validation/car/validation_02_r0c2_segment_30.png,outputs/labeling/source_patches/validation/validation_02_r0c2/crops/segment_30.png
validation,car,validation_02_r0c2,41,data/classifier/validation/car/validation_02_r0c2_segment_41.png,outputs/labeling/source_patches/validation/validation_02_r0c2/crops/segment_41.png
validation,car,validation_02_r0c2,42,data/classifier/validation/car/validation_02_r0c2_segment_42.png,outputs/labeling/source_patches/validation/validation_02_r0c2/crops/segment_42.png
validation,car,validation_02_r0c2,8,data/classifier/validation/car/validation_02_r0c2_segment_8.png,outputs/labeling/source_patches/validation/validation_02_r0c2/crops/segment_8.png
validation,car,validation_02_r1c1,16,data/classifier/validation/car/validation_02_r1c1_segment_16.png,outputs/labeling/source_patches/validation/validation_02_r1c1/crops/segment_16.png
validation,car,validation_02_r1c1,17,data/classifier/validation/car/validation_02_r1c1_segment_17.png,outputs/labeling/source_patches/validation/validation_02_r1c1/crops/segment_17.png
validation,car,validation_02_r1c1,18,data/classifier/validation/car/validation_02_r1c1_segment_18.png,outputs/labeling/source_patches/validation/validation_02_r1c1/crops/segment_18.png
validation,car,validation_02_r1c1,22,data/classifier/validation/car/validation_02_r1c1_segment_22.png,outputs/labeling/source_patches/validation/validation_02_r1c1/crops/segment_22.png
validation,car,validation_02_r1c1,34,data/classifier/validation/car/validation_02_r1c1_segment_34.png,outputs/labeling/source_patches/validation/validation_02_r1c1/crops/segment_34.png
validation,car,validation_02_r1c1,37,data/classifier/validation/car/validation_02_r1c1_segment_37.png,outputs/labeling/source_patches/validation/validation_02_r1c1/crops/segment_37.png
validation,car,validation_02_r1c1,40,data/classifier/validation/car/validation_02_r1c1_segment_40.png,outputs/labeling/source_patches/validation/validation_02_r1c1/crops/segment_40.png
validation,car,validation_02_r1c1,46,data/classifier/validation/car/validation_02_r1c1_segment_46.png,outputs/labeling/source_patches/validation/validation_02_r1c1/crops/segment_46.png
validation,car,validation_02_r1c1,9,data/classifier/validation/car/validation_02_r1c1_segment_9.png,outputs/labeling/source_patches/validation/validation_02_r1c1/crops/segment_9.png
validation,car,validation_07_r1c1,10,data/classifier/validation/car/validation_07_r1c1_segment_10.png,outputs/labeling/source_patches/validation/validation_07_r1c1/crops/segment_10.png
validation,car,validation_07_r1c1,26,data/classifier/validation/car/validation_07_r1c1_segment_26.png,outputs/labeling/source_patches/validation/validation_07_r1c1/crops/segment_26.png
validation,car,validation_07_r1c1,27,data/classifier/validation/car/validation_07_r1c1_segment_27.png,outputs/labeling/source_patches/validation/validation_07_r1c1/crops/segment_27.png
validation,car,validation_07_r1c1,42,data/classifier/validation/car/validation_07_r1c1_segment_42.png,outputs/labeling/source_patches/validation/validation_07_r1c1/crops/segment_42.png
validation,car,validation_23_r1c0,10,data/classifier/validation/car/validation_23_r1c0_segment_10.png,outputs/labeling/source_patches/validation/validation_23_r1c0/crops/segment_10.png
validation,car,validation_23_r1c0,14,data/classifier/validation/car/validation_23_r1c0_segment_14.png,outputs/labeling/source_patches/validation/validation_23_r1c0/crops/segment_14.png
validation,car,validation_23_r1c0,15,data/classifier/validation/car/validation_23_r1c0_segment_15.png,outputs/labeling/source_patches/validation/validation_23_r1c0/crops/segment_15.png
validation,car,validation_23_r1c0,6,data/classifier/validation/car/validation_23_r1c0_segment_6.png,outputs/labeling/source_patches/validation/validation_23_r1c0/crops/segment_6.png
validation,car,validation_23_r1c1,18,data/classifier/validation/car/validation_23_r1c1_segment_18.png,outputs/labeling/source_patches/validation/validation_23_r1c1/crops/segment_18.png
validation,car,validation_23_r1c1,31,data/classifier/validation/car/validation_23_r1c1_segment_31.png,outputs/labeling/source_patches/validation/validation_23_r1c1/crops/segment_31.png
validation,car,validation_23_r1c1,8,data/classifier/validation/car/validation_23_r1c1_segment_8.png,outputs/labeling/source_patches/validation/validation_23_r1c1/crops/segment_8.png
validation,other,validation_02_r0c2,10,data/classifier/validation/other/validation_02_r0c2_segment_10.png,outputs/labeling/source_patches/validation/validation_02_r0c2/crops/segment_10.png
validation,other,validation_02_r0c2,11,data/classifier/validation/other/validation_02_r0c2_segment_11.png,outputs/labeling/source_patches/validation/validation_02_r0c2/crops/segment_11.png
validation,other,validation_02_r0c2,12,data/classifier/validation/other/validation_02_r0c2_segment_12.png,outputs/labeling/source_patches/validation/validation_02_r0c2/crops/segment_12.png
validation,other,validation_02_r0c2,13,data/classifier/validation/other/validation_02_r0c2_segment_13.png,outputs/labeling/source_patches/validation/validation_02_r0c2/crops/segment_13.png
validation,other,validation_02_r0c2,14,data/classifier/validation/other/validation_02_r0c2_segment_14.png,outputs/labeling/source_patches/validation/validation_02_r0c2/crops/segment_14.png
validation,other,validation_02_r0c2,16,data/classifier/validation/other/validation_02_r0c2_segment_16.png,outputs/labeling/source_patches/validation/validation_02_r0c2/crops/segment_16.png
validation,other,validation_02_r0c2,17,data/classifier/validation/other/validation_02_r0c2_segment_17.png,outputs/labeling/source_patches/validation/validation_02_r0c2/crops/segment_17.png
validation,other,validation_02_r0c2,20,data/classifier/validation/other/validation_02_r0c2_segment_20.png,outputs/labeling/source_patches/validation/validation_02_r0c2/crops/segment_20.png
validation,other,validation_02_r0c2,21,data/classifier/validation/other/validation_02_r0c2_segment_21.png,outputs/labeling/source_patches/validation/validation_02_r0c2/crops/segment_21.png
validation,other,validation_02_r0c2,24,data/classifier/validation/other/validation_02_r0c2_segment_24.png,outputs/labeling/source_patches/validation/validation_02_r0c2/crops/segment_24.png
validation,other,validation_02_r0c2,25,data/classifier/validation/other/validation_02_r0c2_segment_25.png,outputs/labeling/source_patches/validation/validation_02_r0c2/crops/segment_25.png
validation,other,validation_02_r0c2,27,data/classifier/validation/other/validation_02_r0c2_segment_27.png,outputs/labeling/source_patches/validation/validation_02_r0c2/crops/segment_27.png
validation,other,validation_02_r0c2,28,data/classifier/validation/other/validation_02_r0c2_segment_28.png,outputs/labeling/source_patches/validation/validation_02_r0c2/crops/segment_28.png
validation,other,validation_02_r0c2,31,data/classifier/validation/other/validation_02_r0c2_segment_31.png,outputs/labeling/source_patches/validation/validation_02_r0c2/crops/segment_31.png
validation,other,validation_02_r0c2,32,data/classifier/validation/other/validation_02_r0c2_segment_32.png,outputs/labeling/source_patches/validation/validation_02_r0c2/crops/segment_32.png
validation,other,validation_02_r0c2,35,data/classifier/validation/other/validation_02_r0c2_segment_35.png,outputs/labeling/source_patches/validation/validation_02_r0c2/crops/segment_35.png
validation,other,validation_02_r0c2,38,data/classifier/validation/other/validation_02_r0c2_segment_38.png,outputs/labeling/source_patches/validation/validation_02_r0c2/crops/segment_38.png
validation,other,validation_02_r0c2,44,data/classifier/validation/other/validation_02_r0c2_segment_44.png,outputs/labeling/source_patches/validation/validation_02_r0c2/crops/segment_44.png
validation,other,validation_02_r1c1,13,data/classifier/validation/other/validation_02_r1c1_segment_13.png,outputs/labeling/source_patches/validation/validation_02_r1c1/crops/segment_13.png
validation,other,validation_02_r1c1,14,data/classifier/validation/other/validation_02_r1c1_segment_14.png,outputs/labeling/source_patches/validation/validation_02_r1c1/crops/segment_14.png
validation,other,validation_02_r1c1,15,data/classifier/validation/other/validation_02_r1c1_segment_15.png,outputs/labeling/source_patches/validation/validation_02_r1c1/crops/segment_15.png
validation,other,validation_02_r1c1,20,data/classifier/validation/other/validation_02_r1c1_segment_20.png,outputs/labeling/source_patches/validation/validation_02_r1c1/crops/segment_20.png
validation,other,validation_02_r1c1,21,data/classifier/validation/other/validation_02_r1c1_segment_21.png,outputs/labeling/source_patches/validation/validation_02_r1c1/crops/segment_21.png
validation,other,validation_02_r1c1,23,data/classifier/validation/other/validation_02_r1c1_segment_23.png,outputs/labeling/source_patches/validation/validation_02_r1c1/crops/segment_23.png
validation,other,validation_02_r1c1,24,data/classifier/validation/other/validation_02_r1c1_segment_24.png,outputs/labeling/source_patches/validation/validation_02_r1c1/crops/segment_24.png
validation,other,validation_02_r1c1,25,data/classifier/validation/other/validation_02_r1c1_segment_25.png,outputs/labeling/source_patches/validation/validation_02_r1c1/crops/segment_25.png
validation,other,validation_02_r1c1,26,data/classifier/validation/other/validation_02_r1c1_segment_26.png,outputs/labeling/source_patches/validation/validation_02_r1c1/crops/segment_26.png
validation,other,validation_02_r1c1,27,data/classifier/validation/other/validation_02_r1c1_segment_27.png,outputs/labeling/source_patches/validation/validation_02_r1c1/crops/segment_27.png
validation,other,validation_02_r1c1,28,data/classifier/validation/other/validation_02_r1c1_segment_28.png,outputs/labeling/source_patches/validation/validation_02_r1c1/crops/segment_28.png
validation,other,validation_02_r1c1,29,data/classifier/validation/other/validation_02_r1c1_segment_29.png,outputs/labeling/source_patches/validation/validation_02_r1c1/crops/segment_29.png
validation,other,validation_02_r1c1,3,data/classifier/validation/other/validation_02_r1c1_segment_3.png,outputs/labeling/source_patches/validation/validation_02_r1c1/crops/segment_3.png
validation,other,validation_02_r1c1,30,data/classifier/validation/other/validation_02_r1c1_segment_30.png,outputs/labeling/source_patches/validation/validation_02_r1c1/crops/segment_30.png
validation,other,validation_02_r1c1,31,data/classifier/validation/other/validation_02_r1c1_segment_31.png,outputs/labeling/source_patches/validation/validation_02_r1c1/crops/segment_31.png
validation,other,validation_02_r1c1,33,data/classifier/validation/other/validation_02_r1c1_segment_33.png,outputs/labeling/source_patches/validation/validation_02_r1c1/crops/segment_33.png
validation,other,validation_02_r1c1,35,data/classifier/validation/other/validation_02_r1c1_segment_35.png,outputs/labeling/source_patches/validation/validation_02_r1c1/crops/segment_35.png
validation,other,validation_02_r1c1,39,data/classifier/validation/other/validation_02_r1c1_segment_39.png,outputs/labeling/source_patches/validation/validation_02_r1c1/crops/segment_39.png
validation,other,validation_02_r1c1,42,data/classifier/validation/other/validation_02_r1c1_segment_42.png,outputs/labeling/source_patches/validation/validation_02_r1c1/crops/segment_42.png
validation,other,validation_02_r1c1,44,data/classifier/validation/other/validation_02_r1c1_segment_44.png,outputs/labeling/source_patches/validation/validation_02_r1c1/crops/segment_44.png
validation,other,validation_02_r1c1,45,data/classifier/validation/other/validation_02_r1c1_segment_45.png,outputs/labeling/source_patches/validation/validation_02_r1c1/crops/segment_45.png
validation,other,validation_02_r1c1,7,data/classifier/validation/other/validation_02_r1c1_segment_7.png,outputs/labeling/source_patches/validation/validation_02_r1c1/crops/segment_7.png
validation,other,validation_07_r1c1,15,data/classifier/validation/other/validation_07_r1c1_segment_15.png,outputs/labeling/source_patches/validation/validation_07_r1c1/crops/segment_15.png
validation,other,validation_07_r1c1,19,data/classifier/validation/other/validation_07_r1c1_segment_19.png,outputs/labeling/source_patches/validation/validation_07_r1c1/crops/segment_19.png
validation,other,validation_07_r1c1,2,data/classifier/validation/other/validation_07_r1c1_segment_2.png,outputs/labeling/source_patches/validation/validation_07_r1c1/crops/segment_2.png
validation,other,validation_07_r1c1,20,data/classifier/validation/other/validation_07_r1c1_segment_20.png,outputs/labeling/source_patches/validation/validation_07_r1c1/crops/segment_20.png
validation,other,validation_07_r1c1,24,data/classifier/validation/other/validation_07_r1c1_segment_24.png,outputs/labeling/source_patches/validation/validation_07_r1c1/crops/segment_24.png
validation,other,validation_07_r1c1,29,data/classifier/validation/other/validation_07_r1c1_segment_29.png,outputs/labeling/source_patches/validation/validation_07_r1c1/crops/segment_29.png
validation,other,validation_07_r1c1,30,data/classifier/validation/other/validation_07_r1c1_segment_30.png,outputs/labeling/source_patches/validation/validation_07_r1c1/crops/segment_30.png
validation,other,validation_07_r1c1,31,data/classifier/validation/other/validation_07_r1c1_segment_31.png,outputs/labeling/source_patches/validation/validation_07_r1c1/crops/segment_31.png
validation,other,validation_07_r1c1,32,data/classifier/validation/other/validation_07_r1c1_segment_32.png,outputs/labeling/source_patches/validation/validation_07_r1c1/crops/segment_32.png
validation,other,validation_07_r1c1,35,data/classifier/validation/other/validation_07_r1c1_segment_35.png,outputs/labeling/source_patches/validation/validation_07_r1c1/crops/segment_35.png
validation,other,validation_07_r1c1,36,data/classifier/validation/other/validation_07_r1c1_segment_36.png,outputs/labeling/source_patches/validation/validation_07_r1c1/crops/segment_36.png
validation,other,validation_07_r1c1,39,data/classifier/validation/other/validation_07_r1c1_segment_39.png,outputs/labeling/source_patches/validation/validation_07_r1c1/crops/segment_39.png
validation,other,validation_07_r1c1,44,data/classifier/validation/other/validation_07_r1c1_segment_44.png,outputs/labeling/source_patches/validation/validation_07_r1c1/crops/segment_44.png
validation,other,validation_07_r1c1,45,data/classifier/validation/other/validation_07_r1c1_segment_45.png,outputs/labeling/source_patches/validation/validation_07_r1c1/crops/segment_45.png
validation,other,validation_07_r1c1,46,data/classifier/validation/other/validation_07_r1c1_segment_46.png,outputs/labeling/source_patches/validation/validation_07_r1c1/crops/segment_46.png
validation,other,validation_07_r1c1,5,data/classifier/validation/other/validation_07_r1c1_segment_5.png,outputs/labeling/source_patches/validation/validation_07_r1c1/crops/segment_5.png
validation,other,validation_07_r1c1,7,data/classifier/validation/other/validation_07_r1c1_segment_7.png,outputs/labeling/source_patches/validation/validation_07_r1c1/crops/segment_7.png
validation,other,validation_07_r1c1,8,data/classifier/validation/other/validation_07_r1c1_segment_8.png,outputs/labeling/source_patches/validation/validation_07_r1c1/crops/segment_8.png
validation,other,validation_07_r1c1,9,data/classifier/validation/other/validation_07_r1c1_segment_9.png,outputs/labeling/source_patches/validation/validation_07_r1c1/crops/segment_9.png
validation,other,validation_23_r1c0,0,data/classifier/validation/other/validation_23_r1c0_segment_0.png,outputs/labeling/source_patches/validation/validation_23_r1c0/crops/segment_0.png
validation,other,validation_23_r1c0,12,data/classifier/validation/other/validation_23_r1c0_segment_12.png,outputs/labeling/source_patches/validation/validation_23_r1c0/crops/segment_12.png
validation,other,validation_23_r1c0,17,data/classifier/validation/other/validation_23_r1c0_segment_17.png,outputs/labeling/source_patches/validation/validation_23_r1c0/crops/segment_17.png
validation,other,validation_23_r1c0,18,data/classifier/validation/other/validation_23_r1c0_segment_18.png,outputs/labeling/source_patches/validation/validation_23_r1c0/crops/segment_18.png
validation,other,validation_23_r1c0,19,data/classifier/validation/other/validation_23_r1c0_segment_19.png,outputs/labeling/source_patches/validation/validation_23_r1c0/crops/segment_19.png
validation,other,validation_23_r1c0,2,data/classifier/validation/other/validation_23_r1c0_segment_2.png,outputs/labeling/source_patches/validation/validation_23_r1c0/crops/segment_2.png
validation,other,validation_23_r1c0,3,data/classifier/validation/other/validation_23_r1c0_segment_3.png,outputs/labeling/source_patches/validation/validation_23_r1c0/crops/segment_3.png
validation,other,validation_23_r1c0,4,data/classifier/validation/other/validation_23_r1c0_segment_4.png,outputs/labeling/source_patches/validation/validation_23_r1c0/crops/segment_4.png
validation,other,validation_23_r1c0,5,data/classifier/validation/other/validation_23_r1c0_segment_5.png,outputs/labeling/source_patches/validation/validation_23_r1c0/crops/segment_5.png
validation,other,validation_23_r1c1,10,data/classifier/validation/other/validation_23_r1c1_segment_10.png,outputs/labeling/source_patches/validation/validation_23_r1c1/crops/segment_10.png
validation,other,validation_23_r1c1,13,data/classifier/validation/other/validation_23_r1c1_segment_13.png,outputs/labeling/source_patches/validation/validation_23_r1c1/crops/segment_13.png
validation,other,validation_23_r1c1,15,data/classifier/validation/other/validation_23_r1c1_segment_15.png,outputs/labeling/source_patches/validation/validation_23_r1c1/crops/segment_15.png
validation,other,validation_23_r1c1,16,data/classifier/validation/other/validation_23_r1c1_segment_16.png,outputs/labeling/source_patches/validation/validation_23_r1c1/crops/segment_16.png
validation,other,validation_23_r1c1,19,data/classifier/validation/other/validation_23_r1c1_segment_19.png,outputs/labeling/source_patches/validation/validation_23_r1c1/crops/segment_19.png
validation,other,validation_23_r1c1,22,data/classifier/validation/other/validation_23_r1c1_segment_22.png,outputs/labeling/source_patches/validation/validation_23_r1c1/crops/segment_22.png
validation,other,validation_23_r1c1,25,data/classifier/validation/other/validation_23_r1c1_segment_25.png,outputs/labeling/source_patches/validation/validation_23_r1c1/crops/segment_25.png
validation,other,validation_23_r1c1,32,data/classifier/validation/other/validation_23_r1c1_segment_32.png,outputs/labeling/source_patches/validation/validation_23_r1c1/crops/segment_32.png
validation,other,validation_23_r1c1,33,data/classifier/validation/other/validation_23_r1c1_segment_33.png,outputs/labeling/source_patches/validation/validation_23_r1c1/crops/segment_33.png
validation,other,validation_23_r1c1,35,data/classifier/validation/other/validation_23_r1c1_segment_35.png,outputs/labeling/source_patches/validation/validation_23_r1c1/crops/segment_35.png
validation,other,validation_23_r1c1,36,data/classifier/validation/other/validation_23_r1c1_segment_36.png,outputs/labeling/source_patches/validation/validation_23_r1c1/crops/segment_36.png
validation,other,validation_23_r1c1,5,data/classifier/validation/other/validation_23_r1c1_segment_5.png,outputs/labeling/source_patches/validation/validation_23_r1c1/crops/segment_5.png
validation,other,validation_23_r1c1,9,data/classifier/validation/other/validation_23_r1c1_segment_9.png,outputs/labeling/source_patches/validation/validation_23_r1c1/crops/segment_9.png
validation,other,validation_28_r1c2,10,data/classifier/validation/other/validation_28_r1c2_segment_10.png,outputs/labeling/source_patches/validation/validation_28_r1c2/crops/segment_10.png
validation,other,validation_28_r1c2,14,data/classifier/validation/other/validation_28_r1c2_segment_14.png,outputs/labeling/source_patches/validation/validation_28_r1c2/crops/segment_14.png
validation,other,validation_28_r1c2,15,data/classifier/validation/other/validation_28_r1c2_segment_15.png,outputs/labeling/source_patches/validation/validation_28_r1c2/crops/segment_15.png
validation,other,validation_28_r1c2,16,data/classifier/validation/other/validation_28_r1c2_segment_16.png,outputs/labeling/source_patches/validation/validation_28_r1c2/crops/segment_16.png
validation,other,validation_28_r1c2,18,data/classifier/validation/other/validation_28_r1c2_segment_18.png,outputs/labeling/source_patches/validation/validation_28_r1c2/crops/segment_18.png
validation,other,validation_28_r1c2,2,data/classifier/validation/other/validation_28_r1c2_segment_2.png,outputs/labeling/source_patches/validation/validation_28_r1c2/crops/segment_2.png
validation,other,validation_28_r1c2,21,data/classifier/validation/other/validation_28_r1c2_segment_21.png,outputs/labeling/source_patches/validation/validation_28_r1c2/crops/segment_21.png
validation,other,validation_28_r1c2,22,data/classifier/validation/other/validation_28_r1c2_segment_22.png,outputs/labeling/source_patches/validation/validation_28_r1c2/crops/segment_22.png
validation,other,validation_28_r1c2,23,data/classifier/validation/other/validation_28_r1c2_segment_23.png,outputs/labeling/source_patches/validation/validation_28_r1c2/crops/segment_23.png
validation,other,validation_28_r1c2,24,data/classifier/validation/other/validation_28_r1c2_segment_24.png,outputs/labeling/source_patches/validation/validation_28_r1c2/crops/segment_24.png
validation,other,validation_28_r1c2,25,data/classifier/validation/other/validation_28_r1c2_segment_25.png,outputs/labeling/source_patches/validation/validation_28_r1c2/crops/segment_25.png
validation,other,validation_28_r1c2,5,data/classifier/validation/other/validation_28_r1c2_segment_5.png,outputs/labeling/source_patches/validation/validation_28_r1c2/crops/segment_5.png
validation,other,validation_28_r1c2,6,data/classifier/validation/other/validation_28_r1c2_segment_6.png,outputs/labeling/source_patches/validation/validation_28_r1c2/crops/segment_6.png
validation,other,validation_28_r1c2,7,data/classifier/validation/other/validation_28_r1c2_segment_7.png,outputs/labeling/source_patches/validation/validation_28_r1c2/crops/segment_7.png
validation,other,validation_28_r1c2,8,data/classifier/validation/other/validation_28_r1c2_segment_8.png,outputs/labeling/source_patches/validation/validation_28_r1c2/crops/segment_8.png
validation,other,validation_28_r1c2,9,data/classifier/validation/other/validation_28_r1c2_segment_9.png,outputs/labeling/source_patches/validation/validation_28_r1c2/crops/segment_9.png
